{"$schema":"http://schema.management.azure.com/schemas/2015-01-01/deploymentTemplate.json#","contentVersion":"1.0.0.0","parameters":{"workspaceName":{"type":"string","metadata":"Workspace name","defaultValue":"demo-synapse-databricks"},"demo-synapse-databricks-WorkspaceDefaultStorage":{"type":"string"}},"variables":{"workspaceId":"[concat('Microsoft.Synapse/workspaces/', parameters('workspaceName'))]"},"resources":[{"name":"[concat(parameters('workspaceName'), '/Delta Table Maintenance')]","type":"Microsoft.Synapse/workspaces/pipelines","apiVersion":"2019-06-01-preview","properties":{"activities":[{"name":"LookupTableList","type":"Lookup","dependsOn":[{"activity":"ShowTables","dependencyConditions":["Succeeded"]}],"policy":{"timeout":"0.7:00:00","retry":0,"retryIntervalInSeconds":30,"secureOutput":false,"secureInput":false},"userProperties":[],"typeProperties":{"source":{"type":"DelimitedTextSource","storeSettings":{"type":"AzureBlobFSReadSettings","recursive":true,"wildcardFolderPath":"maintenance/DeltaTablesList","wildcardFileName":"*.csv","enablePartitionDiscovery":false},"formatSettings":{"type":"DelimitedTextReadSettings"}},"dataset":{"referenceName":"DeltaTablesList","type":"DatasetReference","parameters":{}},"firstRowOnly":false}},{"name":"IterateDeltaTables","type":"ForEach","dependsOn":[{"activity":"LookupTableList","dependencyConditions":["Succeeded"]}],"userProperties":[],"typeProperties":{"items":{"value":"@activity('LookupTableList').output.value","type":"Expression"},"isSequential":true,"activities":[{"name":"Delta Table OPTIMIZE AND VACUUM","type":"SynapseNotebook","dependsOn":[],"policy":{"timeout":"0.12:00:00","retry":0,"retryIntervalInSeconds":30,"secureOutput":false,"secureInput":false},"userProperties":[],"typeProperties":{"notebook":{"referenceName":"Delta Table Maintenance-2","type":"NotebookReference"},"parameters":{"p_namespace":{"value":{"value":"@item().namespace","type":"Expression"},"type":"string"},"p_tableName":{"value":{"value":"@item().tableName","type":"Expression"},"type":"string"}},"snapshot":true,"sparkPool":{"referenceName":"Sparky2024","type":"BigDataPoolReference"},"executorSize":"Medium","conf":{"spark.dynamicAllocation.enabled":null,"spark.dynamicAllocation.minExecutors":null,"spark.dynamicAllocation.maxExecutors":null},"driverSize":"Medium","numExecutors":null}}]}},{"name":"ShowTables","description":"This executes the notebook to publish a listing of the delta tables to a csv file to be used in later steps.","type":"SynapseNotebook","dependsOn":[],"policy":{"timeout":"0.12:00:00","retry":0,"retryIntervalInSeconds":30,"secureOutput":false,"secureInput":false},"userProperties":[],"typeProperties":{"notebook":{"referenceName":"Delta Table Maintenance-1","type":"NotebookReference"},"snapshot":true,"sparkPool":{"referenceName":"Sparky2024","type":"BigDataPoolReference"},"executorSize":"Medium","conf":{"spark.dynamicAllocation.enabled":null,"spark.dynamicAllocation.minExecutors":null,"spark.dynamicAllocation.maxExecutors":null},"driverSize":"Medium","numExecutors":null}}],"policy":{"elapsedTimeMetric":{}},"folder":{"name":"Other"},"annotations":[],"lastPublishTime":"2024-03-07T16:24:32Z"},"dependsOn":["[concat(variables('workspaceId'), '/datasets/DeltaTablesList')]","[concat(variables('workspaceId'), '/notebooks/Delta Table Maintenance-1')]","[concat(variables('workspaceId'), '/bigDataPools/Sparky2024')]","[concat(variables('workspaceId'), '/notebooks/Delta Table Maintenance-2')]"]},{"name":"[concat(parameters('workspaceName'), '/DeltaTablesList')]","type":"Microsoft.Synapse/workspaces/datasets","apiVersion":"2019-06-01-preview","properties":{"linkedServiceName":{"referenceName":"[parameters('demo-synapse-databricks-WorkspaceDefaultStorage')]","type":"LinkedServiceReference"},"annotations":[],"type":"DelimitedText","typeProperties":{"location":{"type":"AzureBlobFSLocation","fileName":"part-00000-e0343018-2429-4df7-902b-7ae0b56e70ec-c000.csv","folderPath":"maintenance/DeltaTablesList","fileSystem":"other"},"columnDelimiter":",","escapeChar":"\\","firstRowAsHeader":true,"quoteChar":"\""},"schema":[{"name":"namespace","type":"String"},{"name":"tableName","type":"String"},{"name":"isTemporary","type":"String"}]},"dependsOn":[]},{"name":"[concat(parameters('workspaceName'), '/Delta Table Maintenance-1')]","type":"Microsoft.Synapse/workspaces/notebooks","apiVersion":"2019-06-01-preview","properties":{"nbformat":4,"nbformat_minor":2,"bigDataPool":{"referenceName":"Sparky2024","type":"BigDataPoolReference"},"sessionProperties":{"driverMemory":"56g","driverCores":8,"executorMemory":"56g","executorCores":8,"numExecutors":2,"runAsWorkspaceSystemIdentity":true,"conf":{"spark.dynamicAllocation.enabled":"false","spark.dynamicAllocation.minExecutors":"2","spark.dynamicAllocation.maxExecutors":"2","spark.autotune.trackingId":"067eec94-9856-498c-bfb2-6f3ca81e3c4b"}},"metadata":{"saveOutput":true,"synapse_widget":{"version":"0.1","state":{}},"enableDebugMode":false,"kernelspec":{"name":"synapse_pyspark","display_name":"Synapse PySpark"},"language_info":{"name":"python"},"a365ComputeOptions":{"id":"/subscriptions/3a99ffce-3379-4883-8224-ca35bbb5f4c8/resourceGroups/synapsedatabricks/providers/Microsoft.Synapse/workspaces/demo-synapse-databricks/bigDataPools/Sparky2024","name":"Sparky2024","type":"Spark","endpoint":"https://demo-synapse-databricks.dev.azuresynapse.net/livyApi/versions/2019-11-01-preview/sparkPools/Sparky2024","auth":{"type":"AAD","authResource":"https://dev.azuresynapse.net"},"sparkVersion":"3.3","nodeCount":10,"cores":8,"memory":56,"automaticScaleJobs":false},"sessionKeepAliveTimeout":30},"cells":[{"cell_type":"markdown","metadata":{"nteract":{"transient":{"deleting":false}}},"source":["# Delta Table Maintenance Part 1 - Prep Notebook\r\n","This notebook is used to query spark for the listing of Delta Tables so it can be passed onto a subsequent pipeline activity for Notebook maintenance.\r\n",""]},{"cell_type":"markdown","metadata":{"nteract":{"transient":{"deleting":false}}},"source":["#### Declare ADLS Gen2 value to pass to the DataFrame"]},{"cell_type":"code","metadata":{"jupyter":{"source_hidden":false,"outputs_hidden":false},"nteract":{"transient":{"deleting":false}}},"source":["from pyspark.sql import SparkSession \r\n","from pyspark.sql.types import * \r\n","\r\n","# Primary storage info \r\n","account_name = 'demosynapsestoragejb' # fill in your primary account name that is associated with the Synapse WOrkspace\r\n","container_name = 'other' # fill in your container name, you need to manually create this in your ADLS Gen2 account.\r\n","relative_path = 'maintenance/DeltaTablesList/' # fill in your relative folder path \r\n","\r\n","adls_path = 'abfss://%s@%s.dfs.core.windows.net/%s' % (container_name, account_name, relative_path) \r\n","print('Primary storage account path: ' + adls_path) "],"outputs":[],"execution_count":null},{"cell_type":"markdown","metadata":{"nteract":{"transient":{"deleting":false}}},"source":["#### Use the snippet below to request a listing of the Delta tables to be passed to the dataframe"]},{"cell_type":"code","metadata":{"jupyter":{"source_hidden":false,"outputs_hidden":false},"nteract":{"transient":{"deleting":false}}},"source":["tablesDF = spark.sql(\"SHOW TABLES\")\r\n","tablesDF.show()"],"outputs":[],"execution_count":null},{"cell_type":"markdown","metadata":{"nteract":{"transient":{"deleting":false}}},"source":["#### Filter out all temporary tables by tableName\r\n","This is an extra step to filter the listing if you have temp tables.  They may be named differently than mine and your wuery may need to be adjusted."]},{"cell_type":"code","metadata":{"jupyter":{"source_hidden":false,"outputs_hidden":false},"nteract":{"transient":{"deleting":false}}},"source":["dtlDF = tablesDF.where(\"NOT(tableName like 'tmp%')\")\r\n","dtlDF.show()"],"outputs":[],"execution_count":null},{"cell_type":"markdown","metadata":{"nteract":{"transient":{"deleting":false}}},"source":["#### Write the Datafame to the ADLS Gen 2 folder.  \r\n","The repartition command keeps everything as one file."]},{"cell_type":"code","metadata":{"jupyter":{"source_hidden":false,"outputs_hidden":false},"nteract":{"transient":{"deleting":false}}},"source":["dtlDF.repartition(1) \\\r\n","    .write.csv(adls_path, mode = 'overwrite', header = 'true')\r\n","    # .write.parquet(adls_path, mode = 'overwrite') "],"outputs":[],"execution_count":null}]},"dependsOn":[]},{"name":"[concat(parameters('workspaceName'), '/Sparky2024')]","type":"Microsoft.Synapse/workspaces/bigDataPools","apiVersion":"2019-06-01-preview","properties":{"autoPause":{"enabled":true,"delayInMinutes":60},"autoScale":{"enabled":true,"maxNodeCount":10,"minNodeCount":3},"nodeCount":10,"nodeSize":"Medium","nodeSizeFamily":"MemoryOptimized","sparkVersion":"3.3","isComputeIsolationEnabled":false,"sessionLevelPackagesEnabled":false,"annotations":[]},"dependsOn":[],"location":"eastus"},{"name":"[concat(parameters('workspaceName'), '/Delta Table Maintenance-2')]","type":"Microsoft.Synapse/workspaces/notebooks","apiVersion":"2019-06-01-preview","properties":{"nbformat":4,"nbformat_minor":2,"bigDataPool":{"referenceName":"Sparky2024","type":"BigDataPoolReference"},"sessionProperties":{"driverMemory":"56g","driverCores":8,"executorMemory":"56g","executorCores":8,"numExecutors":2,"runAsWorkspaceSystemIdentity":true,"conf":{"spark.dynamicAllocation.enabled":"false","spark.dynamicAllocation.minExecutors":"2","spark.dynamicAllocation.maxExecutors":"2","spark.autotune.trackingId":"35d7498b-5114-48fe-abba-010fd7607019"}},"metadata":{"saveOutput":true,"synapse_widget":{"version":"0.1","state":{}},"enableDebugMode":false,"kernelspec":{"name":"synapse_pyspark","display_name":"Synapse PySpark"},"language_info":{"name":"python"},"a365ComputeOptions":{"id":"/subscriptions/3a99ffce-3379-4883-8224-ca35bbb5f4c8/resourceGroups/synapsedatabricks/providers/Microsoft.Synapse/workspaces/demo-synapse-databricks/bigDataPools/Sparky2024","name":"Sparky2024","type":"Spark","endpoint":"https://demo-synapse-databricks.dev.azuresynapse.net/livyApi/versions/2019-11-01-preview/sparkPools/Sparky2024","auth":{"type":"AAD","authResource":"https://dev.azuresynapse.net"},"sparkVersion":"3.3","nodeCount":10,"cores":8,"memory":56,"automaticScaleJobs":false},"sessionKeepAliveTimeout":30},"cells":[{"cell_type":"markdown","metadata":{"nteract":{"transient":{"deleting":false}}},"source":["# Delta Table Maintenance Part 2 - Optimize and Vacuum\r\n","\r\n","This Notebook is used to perform maintenance tasks on the Delta Table via the Delta Table Maintenance Pipeline. "]},{"cell_type":"markdown","metadata":{"nteract":{"transient":{"deleting":false}}},"source":["### Declare the parameters that are passed onto the other cells later in the notebook\r\n","These are passed into the notebook from the pipeline."]},{"cell_type":"code","metadata":{"jupyter":{"source_hidden":false,"outputs_hidden":false},"nteract":{"transient":{"deleting":false}},"tags":["parameters"]},"source":["p_namespace = ''\r\n","p_tableName = ''"],"outputs":[],"execution_count":null},{"cell_type":"markdown","metadata":{"nteract":{"transient":{"deleting":false}}},"source":["\r\n","### Declare the values to pass on the other cells later in the notebook"]},{"cell_type":"code","metadata":{"jupyter":{"source_hidden":false,"outputs_hidden":false},"nteract":{"transient":{"deleting":false}}},"source":["from pyspark.sql import SparkSession \r\n","from pyspark.sql.types import * \r\n","from delta.tables import DeltaTable\r\n","from notebookutils import mssparkutils\r\n","\r\n","# Delta Table Settings\r\n","spark.conf.set(\"sql.delta_schema\", p_namespace) #Delta Table schema\r\n","spark.conf.set(\"sql.delta_table\", p_tableName) #Delta Table Name\r\n","spark.conf.set(\"sql.vacuum_hours\", '168' )  # Vacuum setting for the Delta Table"],"outputs":[],"execution_count":null},{"cell_type":"markdown","metadata":{"nteract":{"transient":{"deleting":false}}},"source":["## Optimize Table\r\n","For more on this command, check out https://learn.microsoft.com/en-us/azure/databricks/sql/language-manual/delta-optimize"]},{"cell_type":"code","metadata":{"jupyter":{"source_hidden":false,"outputs_hidden":false},"nteract":{"transient":{"deleting":false}},"microsoft":{"language":"sparksql"},"collapsed":false},"source":["%%sql\r\n","\r\n","OPTIMIZE ${sql.delta_schema}.${sql.delta_table}"],"outputs":[],"execution_count":null},{"cell_type":"markdown","metadata":{"nteract":{"transient":{"deleting":false}}},"source":["## Vacuum table\r\n","Vacuum hours is set in the first cell <BR>\r\n","For more on this topic check out https://learn.microsoft.com/en-us/azure/databricks/delta/vacuum"]},{"cell_type":"code","metadata":{"jupyter":{"source_hidden":false,"outputs_hidden":false},"nteract":{"transient":{"deleting":false}},"microsoft":{"language":"sparksql"},"collapsed":false},"source":["%%sql\r\n","\r\n","VACUUM ${sql.delta_schema}.${sql.delta_table} RETAIN ${sql.vacuum_hours} HOURS"],"outputs":[],"execution_count":null}]},"dependsOn":[]}]}